run,alpha,method,accuracies,c_count
1,0.30000000000000004,wt,1,5
1,0.30000000000000004,wt2,1,5
1,0.30000000000000004,l,1,5
1,0.30000000000000004,l2,1,5
1,0.30000000000000004,fg,1,5
1,0.30000000000000004,fg2,1,5
1,0.30000000000000004,eb,0.82,36
1,0.30000000000000004,eb2,0.82,36
1,0.30000000000000004,im,1,5
1,0.30000000000000004,im2,1,5
1,0.30000000000000004,lp,1,5
1,0.30000000000000004,lp2,0.76,4
1,0.30000000000000004,sl,1,5
1,0.30000000000000004,sl2,1,5
