alpha,n_comm
0.8700000000000001,1
0.869,50
0.8680000000000001,50
0.867,50
0.8660000000000001,50
0.865,50
0.8640000000000001,1
0.863,50
0.8620000000000001,50
0.861,50
