curr_rho,mxp1,mxp2
0.6000000000000001,0.8038383838383838,0.787920792079208
0.6000000000000001,0.7945454545454546,0.7788118811881188
0.6000000000000001,0.7890909090909091,0.7734653465346535
0.6000000000000001,0.804040404040404,0.7881188118811882
0.6000000000000001,0.806060606060606,0.7900990099009901
