curr_rho,mxp1,mxp2
0.8,0.8054545454545454,0.7895049504950495
0.8,0.8014141414141415,0.7855445544554456
0.8,0.8048484848484848,0.788910891089109
0.8,0.8026262626262626,0.7867326732673268
0.8,0.806060606060606,0.7900990099009901
