curr_rho,mxp1,mxp2
0.30000000000000004,0.805050505050505,0.7891089108910891
0.30000000000000004,0.798989898989899,0.7831683168316832
0.30000000000000004,0.8024242424242424,0.7865346534653466
0.30000000000000004,0.8062626262626262,0.7902970297029703
0.30000000000000004,0.806060606060606,0.7900990099009901
