curr_rho,mxp1,mxp2
0.9,0.8006060606060607,0.7847524752475248
0.9,0.8042424242424242,0.7883168316831684
0.9,0.8058585858585858,0.7899009900990099
0.9,0.8,0.7841584158415842
0.9,0.806060606060606,0.7900990099009901
