curr_rho,mxp1,mxp2
0.7000000000000001,0.8024242424242424,0.7865346534653466
0.7000000000000001,0.8064646464646464,0.7904950495049505
0.7000000000000001,0.8018181818181818,0.785940594059406
0.7000000000000001,0.7933333333333333,0.7776237623762376
0.7000000000000001,0.806060606060606,0.7900990099009901
