curr_rho,mxp1,mxp2
1,0.7931313131313131,0.7774257425742575
1,0.7905050505050505,0.7748514851485149
1,0.803030303030303,0.7871287128712872
1,0.8036363636363636,0.7877227722772278
1,0.806060606060606,0.7900990099009901
