curr_rho,mxp1,mxp2
0.2,0.8016161616161617,0.7857425742574258
0.2,0.8024242424242424,0.7865346534653466
0.2,0.8018181818181818,0.785940594059406
0.2,0.7967676767676768,0.780990099009901
0.2,0.7975757575757576,0.7817821782178218
0.2,0.7965656565656566,0.7807920792079208
0.2,0.8036363636363636,0.7877227722772278
0.2,0.7995959595959596,0.7837623762376238
0.2,0.8038383838383838,0.787920792079208
0.2,0.806060606060606,0.7900990099009901
