curr_rho,mxp1,mxp2
0.4,0.8054545454545454,0.7895049504950495
0.4,0.8042424242424242,0.7883168316831684
0.4,0.7985858585858586,0.7827722772277228
0.4,0.7931313131313131,0.7774257425742575
0.4,0.807070707070707,0.7910891089108911
0.4,0.8072727272727273,0.7912871287128713
0.4,0.7993939393939394,0.7835643564356436
0.4,0.796969696969697,0.7811881188118812
0.4,0.7965656565656566,0.7807920792079208
0.4,0.806060606060606,0.7900990099009901
