curr_rho,mxp1,mxp2
0.5,0.796969696969697,0.7811881188118812
0.5,0.8006060606060607,0.7847524752475248
0.5,0.805050505050505,0.7891089108910891
0.5,0.8026262626262626,0.7867326732673268
0.5,0.806060606060606,0.7900990099009901
